nombre, edad, modulo, tipo
Jensyn, null, PROGRAMACIÓN, Profesor
Jesse, null, PROGRAMACIÓN, Profesor
Joaquin, 27, null, Alumno
Jensyn, 33, null, Alumno
Jian, 33, null, Alumno
Jez, 23, null, Alumno
Jesse, 18, null, Alumno
Joeddy, 27, null, Alumno
Jincheng, 23, null, Alumno
Jeremy, 24, null, Alumno
Jez, 32, null, Alumno
Joaquin, 31, null, Alumno
Jia, 34, null, Alumno
Jerrick, 20, null, Alumno
Jerrick, 21, null, Alumno
Joey, 18, null, Alumno
Jesse, 24, null, Alumno
Jimmy, 19, null, Alumno
Joey, 18, null, Alumno
Jerome, 39, null, Alumno
